index,coordx,coordz
0,2000.0,50.0
1,2666.6666666666665,50.0
2,3333.333333333333,50.0
